DELETE FROM `permission`;
DELETE FROM `category`;
DELETE FROM `role`;

INSERT INTO `category` (`id`, `code`, `created_date`, `updated_date`, `description`, `name`, `url`, `category_parent_id`, `have_children`, `icon`) VALUES
	(1, 'label.students', '2020-10-30 11:55:32.000000', '2020-10-30 11:55:33.000000', 'Xem danh sách sinh viên', 'Danh sách sinh viên', '/home/students', NULL, b'0', NULL),
	(2, 'label.organization', '2020-10-30 11:57:08.000000', '2020-10-30 11:57:09.000000', 'Quản lý cơ cấu', 'Quản lý cơ cấu', NULL, NULL, b'1', ''),
	(3, 'label.units', '2020-10-30 11:58:40.000000', '2020-10-30 11:58:41.000000', 'Xem danh sách các phòng ban, khoa', 'Quản lý khoa', '/home/structure/units', 2, b'0', NULL),
	(5, 'label.department', '2020-10-30 12:01:35.000000', '2020-10-30 12:01:36.000000', 'Xem danh sách các bộ môn', 'Quản lý bộ môn', '/home/structure/departments', 2, b'0', NULL),
	(6, 'label.subjects', '2020-10-30 12:02:01.000000', '2020-10-30 12:02:04.000000', 'Xem danh sách các môn học', 'Quản lý môn học', '/home/structure/subjects', 2, b'0', NULL),
	(7, 'label.class.subjects', '2020-10-30 12:02:44.000000', '2020-10-30 12:02:45.000000', 'Xem danh sách các học phần', 'Quản lý học phần', '/home/class-subject', NULL, b'0', NULL),
	(8, 'label.teaches', '2020-10-30 15:57:50.000000', '2020-10-30 15:57:51.000000', 'Xem danh sách giảng viên', 'Quản lý giảng viên', '/home/teachers', NULL, b'0', NULL),
	(11, 'label.courses', '2020-12-30 02:27:07.000000', '2020-12-30 02:27:08.000000', 'Xem danh sách các khóa học', 'Quản lý khóa học', '/home/structure/courses', 2, b'0', NULL);

INSERT INTO `role` (`id`, `code`, `created_date`, `updated_date`, `description`, `name`) VALUES
	(1, 'SYSADMIN', '2020-10-19 17:06:23.000000', '2020-10-19 17:06:24.000000', 'Quản trị hệ thống', 'Quản trị hệ thống'),
	(2, 'ADEDU', '2020-10-19 17:13:42.000000', '2020-10-19 17:13:43.000000', 'Quản lý đào tạo', 'Quản lý đào tạo'),
	(3, 'ADPOLITIC', '2020-10-19 17:17:09.000000', '2020-10-19 17:17:10.000000', 'Quản lý chính trị', 'Quản lý chính trị'),
	(4, 'ADCOLLEGE', '2020-10-19 17:21:51.000000', '2020-10-19 17:21:52.000000', 'Quản lý khoa', 'Quản lý khoa'),
	(5, 'ADSUBJ', '2020-10-19 17:22:36.000000', '2020-10-19 17:22:37.000000', 'Quản lý bộ môn', 'Quản lý bộ môn'),
	(6, 'TEACH', '2020-10-19 17:23:16.000000', '2020-10-19 17:23:17.000000', 'Giảng viên', 'Giảng viên');

INSERT INTO `permission` (`id`, `code`, `created_date`, `updated_date`, `category_id`, `role_id`) VALUES
	(2, NULL, '2020-10-30 13:49:31.000000', '2020-10-30 13:49:32.000000', 2, 1),
	(3, NULL, '2020-10-30 13:49:45.000000', '2020-10-30 13:49:46.000000', 3, 1),
	(4, NULL, '2020-10-30 13:49:57.000000', '2020-10-30 13:49:57.000000', 11, 1),
	(5, NULL, '2020-10-30 13:50:06.000000', '2020-10-30 13:50:07.000000', 5, 1),
	(6, NULL, '2020-10-30 13:50:15.000000', '2020-10-30 13:50:15.000000', 6, 1),
	(7, NULL, '2020-10-30 13:50:23.000000', '2020-10-30 13:50:24.000000', 7, 1),
	(8, NULL, '2020-10-30 13:50:35.000000', '2020-10-30 13:50:35.000000', 1, 2),
	(9, NULL, '2020-10-30 13:52:06.000000', '2020-10-30 13:52:06.000000', 2, 2),
	(10, NULL, '2020-10-30 13:52:10.000000', '2020-10-30 13:52:11.000000', 3, 2),
	(11, NULL, '2020-10-30 13:52:18.000000', '2020-10-30 13:52:18.000000', 11, 2),
	(12, NULL, '2020-10-30 13:52:28.000000', '2020-10-30 13:52:29.000000', 5, 2),
	(13, NULL, '2020-10-30 13:52:35.000000', '2020-10-30 13:52:36.000000', 6, 2),
	(14, NULL, '2020-10-30 13:52:42.000000', '2020-10-30 13:52:43.000000', 7, 2),
	(15, NULL, '2020-10-30 13:53:47.000000', '2020-10-30 13:53:46.000000', 1, 4),
	(16, NULL, '2020-10-30 13:54:48.000000', '2020-10-30 13:54:49.000000', 5, 4),
	(17, NULL, '2020-10-30 13:54:57.000000', '2020-10-30 13:54:57.000000', 6, 4),
	(18, NULL, '2020-10-30 15:59:24.000000', '2020-10-30 15:59:24.000000', 8, 1),
	(25, NULL, '2020-12-30 00:54:33.000000', '2020-12-30 00:54:33.000000', 1, 1),
	(26, NULL, '2021-01-01 14:40:40.000000', '2021-01-01 14:40:40.000000', 8, 2),
	(27, NULL, '2021-01-01 14:41:05.000000', '2021-01-01 14:41:04.000000', 2, 4),
	(28, NULL, '2021-01-01 14:41:19.000000', '2021-01-01 14:41:18.000000', 3, 4),
	(29, NULL, '2021-01-01 14:41:29.000000', '2021-01-01 14:41:29.000000', 7, 4),
	(30, NULL, '2021-01-01 14:45:38.000000', '2021-01-01 14:45:37.000000', 8, 4),
	(31, NULL, '2021-01-01 14:45:39.000000', '2021-01-01 14:45:37.000000', 11, 4),
	(32, NULL, '2021-01-01 14:45:39.000000', '2021-01-01 14:45:35.000000', 7, 3),
	(33, NULL, '2021-01-01 14:45:41.000000', '2021-01-01 14:45:33.000000', 11, 3),
	(34, NULL, '2021-01-01 14:45:42.000000', '2021-01-01 14:45:32.000000', 5, 3),
	(35, NULL, '2021-01-01 14:45:43.000000', '2021-01-01 14:45:31.000000', 2, 3),
	(36, NULL, '2021-01-01 14:45:46.000000', '2021-01-01 14:45:30.000000', 1, 3),
	(37, NULL, '2021-01-01 14:45:44.000000', '2021-01-01 14:45:29.000000', 6, 3),
	(38, NULL, '2021-01-01 14:45:44.000000', '2021-01-01 14:45:28.000000', 8, 3),
	(39, NULL, '2021-01-01 14:45:26.000000', '2021-01-01 14:45:26.000000', 3, 3),
	(40, NULL, '2021-01-01 14:45:25.000000', '2021-01-01 14:45:24.000000', 7, 5),
	(41, NULL, '2021-01-01 14:45:23.000000', '2021-01-01 14:45:24.000000', 11, 5),
	(42, NULL, '2021-01-01 14:45:22.000000', '2021-01-01 14:45:22.000000', 5, 5),
	(43, NULL, '2021-01-01 14:45:20.000000', '2021-01-01 14:45:21.000000', 2, 5),
	(44, NULL, '2021-01-01 14:45:20.000000', '2021-01-01 14:45:19.000000', 1, 5),
	(45, NULL, '2021-01-01 14:45:18.000000', '2021-01-01 14:45:19.000000', 6, 5),
	(46, NULL, '2021-01-01 14:45:18.000000', '2021-01-01 14:45:17.000000', 8, 5),
	(47, NULL, '2021-01-01 14:45:16.000000', '2021-01-01 14:45:17.000000', 3, 5),
	(48, NULL, '2021-01-01 14:45:15.000000', '2021-01-01 14:45:15.000000', 7, 6),
	(49, NULL, '2021-01-01 14:45:12.000000', '2021-01-01 14:45:14.000000', 11, 6),
	(50, NULL, '2021-01-01 14:45:13.000000', '2021-01-01 14:45:13.000000', 5, 6),
	(51, NULL, '2021-01-01 14:45:11.000000', '2021-01-01 14:45:11.000000', 2, 6),
	(52, NULL, '2021-01-01 14:45:09.000000', '2021-01-01 14:45:10.000000', 1, 6),
	(53, NULL, '2021-01-01 14:45:07.000000', '2021-01-01 14:45:06.000000', 6, 6),
	(54, NULL, '2021-01-01 14:45:05.000000', '2021-01-01 14:45:06.000000', 8, 6),
	(55, NULL, '2021-01-01 14:45:05.000000', '2021-01-01 14:45:04.000000', 3, 6);
/*!40000 ALTER TABLE `permission` ENABLE KEYS */;

/*!40101 SET SQL_MODE=IFNULL(@OLD_SQL_MODE, '') */;
/*!40014 SET FOREIGN_KEY_CHECKS=IF(@OLD_FOREIGN_KEY_CHECKS IS NULL, 1, @OLD_FOREIGN_KEY_CHECKS) */;
/*!40101 SET CHARACTER_SET_CLIENT=@OLD_CHARACTER_SET_CLIENT */;
